A lista abaixo contém todos os itens solicitados pelos membros da gangue Van der Linde e dicas de como consegui-los. Tenha em mente que alguns pedidos não podem ser atendidos após o final do capítulo 4, portanto, é recomendado interagir com todos os personagens sempre que tiver oportunidade.




ABIGAIL ROBERTS
Pedido: Dinheiro
Onde encontrar: Na sua carteira -- basta doar $5
para Abigail.
Recompensa: Nenhuma




BILL WILLIAMSON
Pedido: Brilhantina
Onde encontrar: Pode ser obtido saqueando residências ou comprado no armazém geral.
Recompensa: Munição Ligeira




CHARLES SMITH
Pedido 1: Moonshine
Onde encontrar: Pode ser obtido saqueando residências ou comprado em lojas clandestinas.
Recompensa: Flecha Incendiária

Pedido 2: Sálvia Oleandro
Onde encontrar: Procure nos arredores do Pântano Bluewater, em Lemoyne.
Recompensa: Flecha Envenenada

Pedido 3: Pena de Águia
Onde encontrar: Procure no alto de penhascos ou empoleiradas em pontes, como na Travessia do Bardo, em Heartlands, Nova Hanover.
Recompensa: Reanimador Equino




DUTCH VAN DER LINDE
Pedido: Cachimbo
Onde encontrar: Ao lado da máquina de escrever na cabana em Eco de Vetter, Big Valley, Elizabeth do Oeste. Não é recomendado entrar no local desarmado.
Recompensa: Esporas




HOSEA MATTHEWS
Pedido 1: Livro
Onde encontrar: Na mesinha de centro na sala da casa em Pomares Hagen, Bayou Nwa, Lemoyne.
Recompensa: Isca de Predadores

Pedido 2: Ginseng Americano (2x)
Onde encontrar: Procure ao leste da Cabana Six Point, na Floresta Cumberland, em Nova Hanover.
Recompensa: Remédio Potente




JACK MARSTON
Pedido 1: Dedal
Onde encontrar: Obtido aleatoriamente saqueando corpos de inimigos.
Recompensa: Desenho feito por Jack

Pedido 2: Livro
Onde encontrar: É possível encontrar o item solicitado em 4 locais diferentes.

Na cabana no Bosque Osman, em Serra Roanoke, Nova Hanover, diretamente ao leste do Rancho Emerald.
Na escola do vilarejo Serenidade, em Scarlett Meadows, Lemoyne.
Na cabana em Repouso de Clawson, Grizzlies do Oeste, Ambarino, ao nordeste da Lagoa Cattail.
Na casa do Rancho Downes, em Heartlands, Nova Hanover.

Recompensa: Barra de chocolate




JAVIER ESCUELLA
Pedido: Sálvia Oleandro
Onde encontrar: Procure nos arredores do Pântano Bluewater, em Lemoyne.
Recompensa: Faca de Arremesso Envenenada




KIERAN DUFFY
Pedido: Bardana (2x)
Onde encontrar: Pode ser encontrado em diferentes pontos de Nova Hanover, geralmente perto de rios.
Recompensa: Estimulante Equino e Panfleto Ração Equina




LENNY SUMMERS
Pedido: Relógio de Bolso
Onde encontrar: Na escrivaninha da cabana em Eco de Veter, Big Valley, Elizabeth do Oeste -- o mesmo local onde você encontra o cachimbo para o Dutch. Também pode ser encontrado aleatoriamente saqueando casas ou corpos de inimigos em esconderijos de gangues.
Recompensa: Dinamite




MARY-BETH GASKILL
Pedido: Caneta-Tinteiro
Onde encontrar: Na gaveta da mesa de canto da cabana no Bosque Osman, em Serra Roanoke, Nova Hanover -- é o mesmo local onde você encontra um livro para o Jack.
Recompensa: Anel de Ouro




MOLLY O'SHEA
Pedido: Espelho de Bolso
Onde encontrar: Sobre o criado-mudo no quarto da cabana em Pretendente de Martha, Grizzlies do Leste, Ambarino.
Recompensa: Charuto




PEARSON
Pedido 1: Bússola Naval
Onde encontrar: Sobre uma mesa de trabalho no galpão do píer na Mansão Braithwaite, em Scarlett Meadows, Lemoyne -- diretamente ao oeste da mansão.
Recompensa: Rum de Guarma

Pedido 2: Coelho
Onde encontrar: É possível encontrar coelhos para caçar em praticamente todo o estado de Nova Hanover.
Recompensa: Jaqueta de Batedor



​SADIE ADLER
Pedido: Gaita
Onde encontrar: Na estante atrás da porta na cabana diretamente ao leste da Estação Flatneck, em Heartlands, Nova Hanover. É o mesmo lugar onde você obtém o Revólver do Emmet Granger.
Recompensa: Óleo para armas.




SEAN MACGUIRE
Pedido: Kentucky Bourbon
Onde encontrar: Pode ser obtido saqueando residências ou comprado no armazém geral.
Recompensa: Garrafa Incendiária




SUSAN GRIMSHAW
Pedido: Ervas (2x)
Onde encontrar: Basta coletar duas unidades de
ervas usadas como tempero: tomilho, orégano ou menta-silvestre.
Recompensa: Tônico Miraculoso Potente




TILLY JACKSON
Pedido: Colar
Onde encontrar: Encontrado aleatoriamente
saqueando casas ou corpos de inimigos em esconderijos de gangues.
Recompensa: Remédio (2x)




TIO
Pedido (epílogo): Asclépia, Bala de Hortelã, Brilhantina, Gambá e Kentucky Bourbon
Onde encontrar: De todos os itens da lista, o menos óbvio é a Bala de Hortelã, que só pode ser adquirida em estábulos. Para os demais itens, confira as dicas anteriores.
Recompensa: Botas Tornado, Sobrecasaca Clássica, Chapéu Errante e Colete de Fronteira