Animal,Size,Weapon Choice For Perfect Pelt,,,by u/Adelbertt,Link to published version
Alligator,Massive,"Rifle with:
- Regular Ammo
- Split Point Ammo
- High-Velocity Ammo
- Express Ammo",Poison Throwing Knife,"Bow : 
- Arrow 
- Poison Arrow","Sniper Rifle with: 
- Regular Ammo 
- Split Point Ammo 
- High-Velocity Ammo 
- Express Ammo","Shotgun with: 
- Slug Ammo"
Alligator (Small),Large,"Rifle with:
- Regular Ammo
- Split Point Ammo
- High-Velocity Ammo
- Express Ammo",Poison Throwing Knife,"Bow : 
- Arrow 
- Poison Arrow","Sniper Rifle with: 
- Regular Ammo 
- Split Point Ammo 
- High-Velocity Ammo 
- Express Ammo",
Armadillo,Moderate,Varmint Rifle,,,,
Badger,Moderate,Varmint Rifle,,,,
Bat,Small,Bow with Small Game Arrow,,,,
Bear,Massive,"Rifle with:
- Regular Ammo
- Split Point Ammo
- High-Velocity Ammo
- Express Ammo",Poison Throwing Knife,"Bow : 
- Arrow 
- Poison Arrow","Sniper Rifle with: 
- Regular Ammo 
- Split Point Ammo 
- High-Velocity Ammo 
- Express Ammo","Shotgun with: 
- Slug Ammo"
Beaver,Medium,"Repeater with: 
- Regular Ammo 
- Split Point Ammo 
- High-Velocity Ammo 
- Express Ammo","Throwing Knife
Poison Throwing Knife","Bow : 
- Arrow 
- Poison Arrow","Sniper Rifle with: 
- Regular Ammo 
- Split Point Ammo 
- High-Velocity Ammo 
- Express Ammo",
Big Horn Ram,Large,"Rifle with:
- Regular Ammo
- Split Point Ammo
- High-Velocity Ammo
- Express Ammo",Poison Throwing Knife,"Bow : 
- Arrow 
- Poison Arrow","Sniper Rifle with: 
- Regular Ammo 
- Split Point Ammo 
- High-Velocity Ammo 
- Express Ammo",
Bison,Massive,"Rifle with:
- Regular Ammo
- Split Point Ammo
- High-Velocity Ammo
- Express Ammo",Poison Throwing Knife,"Bow : 
- Arrow 
- Poison Arrow","Sniper Rifle with: 
- Regular Ammo 
- Split Point Ammo 
- High-Velocity Ammo 
- Express Ammo","Shotgun with: 
- Slug Ammo"
Blue Jay,Small,Bow with Small Game Arrow,,,,
Boar,Large,"Rifle with:
- Regular Ammo
- Split Point Ammo
- High-Velocity Ammo
- Express Ammo",Poison Throwing Knife,"Bow : 
- Arrow 
- Poison Arrow","Sniper Rifle with: 
- Regular Ammo 
- Split Point Ammo 
- High-Velocity Ammo 
- Express Ammo",
Booby,Small,Bow with Small Game Arrow,,,,
Buck,Large,"Rifle with:
- Regular Ammo
- Split Point Ammo
- High-Velocity Ammo
- Express Ammo",Poison Throwing Knife,"Bow : 
- Arrow 
- Poison Arrow","Sniper Rifle with: 
- Regular Ammo 
- Split Point Ammo 
- High-Velocity Ammo 
- Express Ammo",
Bull,Massive,"Rifle with:
- Regular Ammo
- Split Point Ammo
- High-Velocity Ammo
- Express Ammo",Poison Throwing Knife,"Bow : 
- Arrow 
- Poison Arrow","Sniper Rifle with: 
- Regular Ammo 
- Split Point Ammo 
- High-Velocity Ammo 
- Express Ammo","Shotgun with: 
- Slug Ammo"
Bullfrog,Small,Bow with Small Game Arrow,,,,
Cardinal,Small,Bow with Small Game Arrow,,,,
Carolina Chicken,Small,Bow with Small Game Arrow,,,,
Chipmunk,Small,Bow with Small Game Arrow,,,,
Condor,Moderate,Varmint Rifle,,,,
Cormorant,Moderate,Varmint Rifle,,,,
Cougar,Large,"Rifle with:
- Regular Ammo
- Split Point Ammo
- High-Velocity Ammo
- Express Ammo",Poison Throwing Knife,"Bow : 
- Arrow 
- Poison Arrow","Sniper Rifle with: 
- Regular Ammo 
- Split Point Ammo 
- High-Velocity Ammo 
- Express Ammo",
Cow,Massive,"Rifle with:
- Regular Ammo
- Split Point Ammo
- High-Velocity Ammo
- Express Ammo",Poison Throwing Knife,"Bow : 
- Arrow 
- Poison Arrow","Sniper Rifle with: 
- Regular Ammo 
- Split Point Ammo 
- High-Velocity Ammo 
- Express Ammo","Shotgun with: 
- Slug Ammo"
Coyote,Medium,"Repeater with: 
- Regular Ammo 
- Split Point Ammo 
- High-Velocity Ammo 
- Express Ammo","Throwing Knife
Poison Throwing Knife","Bow : 
- Arrow 
- Poison Arrow","Sniper Rifle with: 
- Regular Ammo 
- Split Point Ammo 
- High-Velocity Ammo 
- Express Ammo",
Crane,Moderate,Varmint Rifle,,,,
Crow,Small,Bow with Small Game Arrow,,,,
Deer,Large,"Rifle with:
- Regular Ammo
- Split Point Ammo
- High-Velocity Ammo
- Express Ammo",Poison Throwing Knife,"Bow : 
- Arrow 
- Poison Arrow","Sniper Rifle with: 
- Regular Ammo 
- Split Point Ammo 
- High-Velocity Ammo 
- Express Ammo",
Duck,Small,Bow with Small Game Arrow,,,,
Eagle,Moderate,Varmint Rifle,,,,
Egret,Moderate,Varmint Rifle,,,,
Elk,Massive,"Rifle with:
- Regular Ammo
- Split Point Ammo
- High-Velocity Ammo
- Express Ammo",Poison Throwing Knife,"Bow : 
- Arrow 
- Poison Arrow","Sniper Rifle with: 
- Regular Ammo 
- Split Point Ammo 
- High-Velocity Ammo 
- Express Ammo","Shotgun with: 
- Slug Ammo"
Fox,Medium,"Repeater with: 
- Regular Ammo 
- Split Point Ammo 
- High-Velocity Ammo 
- Express Ammo","Throwing Knife
Poison Throwing Knife","Bow : 
- Arrow 
- Poison Arrow","Sniper Rifle with: 
- Regular Ammo 
- Split Point Ammo 
- High-Velocity Ammo 
- Express Ammo",
Gila Monster,Moderate,Varmint Rifle,,,,
Goat,Large,"Rifle with:
- Regular Ammo
- Split Point Ammo
- High-Velocity Ammo
- Express Ammo",Poison Throwing Knife,"Bow : 
- Arrow 
- Poison Arrow","Sniper Rifle with: 
- Regular Ammo 
- Split Point Ammo 
- High-Velocity Ammo 
- Express Ammo",
Goose,Moderate,Varmint Rifle,,,,
Gull,Small,Bow with Small Game Arrow,,,,
Hawk,Moderate,Varmint Rifle,,,,
Heron,Moderate,Varmint Rifle,,,,
Iguana,Moderate,Varmint Rifle,,,,
Loon,Small,Bow with Small Game Arrow,,,,
Moose,Massive,"Rifle with:
- Regular Ammo
- Split Point Ammo
- High-Velocity Ammo
- Express Ammo",Poison Throwing Knife,"Bow : 
- Arrow 
- Poison Arrow","Sniper Rifle with: 
- Regular Ammo 
- Split Point Ammo 
- High-Velocity Ammo 
- Express Ammo","Shotgun with: 
- Slug Ammo"
Muskrat,Moderate,Varmint Rifle,,,,
Oriole,Small,Bow with Small Game Arrow,,,,
Owl,Moderate,Varmint Rifle,,,,
Ox,Massive,"Rifle with:
- Regular Ammo
- Split Point Ammo
- High-Velocity Ammo
- Express Ammo",Poison Throwing Knife,"Bow : 
- Arrow 
- Poison Arrow","Sniper Rifle with: 
- Regular Ammo 
- Split Point Ammo 
- High-Velocity Ammo 
- Express Ammo","Shotgun with: 
- Slug Ammo"
Panther,Large,"Rifle with:
- Regular Ammo
- Split Point Ammo
- High-Velocity Ammo
- Express Ammo",Poison Throwing Knife,"Bow : 
- Arrow 
- Poison Arrow","Sniper Rifle with: 
- Regular Ammo 
- Split Point Ammo 
- High-Velocity Ammo 
- Express Ammo",
Parakeet,Small,Bow with Small Game Arrow,,,,
Parrot,Small,Bow with Small Game Arrow,,,,
Peccary,Large,"Rifle with:
- Regular Ammo
- Split Point Ammo
- High-Velocity Ammo
- Express Ammo",Poison Throwing Knife,"Bow : 
- Arrow 
- Poison Arrow","Sniper Rifle with: 
- Regular Ammo 
- Split Point Ammo 
- High-Velocity Ammo 
- Express Ammo",
Pelican,Moderate,Varmint Rifle,,,,
Pheasant,Small,Bow with Small Game Arrow,,,,
Pig,Medium,"Repeater with: 
- Regular Ammo 
- Split Point Ammo 
- High-Velocity Ammo 
- Express Ammo","Throwing Knife
Poison Throwing Knife","Bow : 
- Arrow 
- Poison Arrow","Sniper Rifle with: 
- Regular Ammo 
- Split Point Ammo 
- High-Velocity Ammo 
- Express Ammo",
Pigeon,Small,Bow with Small Game Arrow,,,,
Possum,Moderate,Varmint Rifle,,,,
Pronghorn,Large,"Rifle with:
- Regular Ammo
- Split Point Ammo
- High-Velocity Ammo
- Express Ammo",Poison Throwing Knife,"Bow : 
- Arrow 
- Poison Arrow","Sniper Rifle with: 
- Regular Ammo 
- Split Point Ammo 
- High-Velocity Ammo 
- Express Ammo",
Quail,Small,Bow with Small Game Arrow,,,,
Rabbit,Moderate,Varmint Rifle,,,,
Raccoon,Moderate,Varmint Rifle,,,,
Rat,Small,Bow with Small Game Arrow,,,,
Raven,Small,Bow with Small Game Arrow,,,,
Robin,Small,Bow with Small Game Arrow,,,,
Rooster,Small,Bow with Small Game Arrow,,,,
Sheep,Large,"Rifle with:
- Regular Ammo
- Split Point Ammo
- High-Velocity Ammo
- Express Ammo",Poison Throwing Knife,"Bow : 
- Arrow 
- Poison Arrow","Sniper Rifle with: 
- Regular Ammo 
- Split Point Ammo 
- High-Velocity Ammo 
- Express Ammo",
Skunk,Moderate,Varmint Rifle,,,,
Snake,Small,Bow with Small Game Arrow,,,,
Songbird,Small,Bow with Small Game Arrow,,,,
Sparrow,Small,Bow with Small Game Arrow,,,,
Spoonbill,Moderate,Varmint Rifle,,,,
Squirrel,Small,Bow with Small Game Arrow,,,,
Toad,Small,Bow with Small Game Arrow,,,,
Turkey,Moderate,Varmint Rifle,,,,
Turtle,Large,"Rifle with:
- Regular Ammo
- Split Point Ammo
- High-Velocity Ammo
- Express Ammo",Poison Throwing Knife,"Bow : 
- Arrow 
- Poison Arrow","Sniper Rifle with: 
- Regular Ammo 
- Split Point Ammo 
- High-Velocity Ammo 
- Express Ammo",
Vulture,Moderate,Varmint Rifle,,,,
Waxwing,Small,Bow with Small Game Arrow,,,,
Wolf,Large,"Rifle with:
- Regular Ammo
- Split Point Ammo
- High-Velocity Ammo
- Express Ammo",Poison Throwing Knife,"Bow : 
- Arrow 
- Poison Arrow","Sniper Rifle with: 
- Regular Ammo 
- Split Point Ammo 
- High-Velocity Ammo 
- Express Ammo",
Woodpecker,Small,Bow with Small Game Arrow,,,,