Trapper Garment Sets,,,
,,,
The Bear Hunter,,,
Legendary Bear Head Hat,1x Legendary Bear Pelt,,
Legendary Bear Coat,1x Legendary Bear Pelt,1x Perfect Bison Pelt,
Legendary Bear Roper,1x Legendary Bear Pelt,1x Perfect Bull Hide,
Boar Riding Gloves,1x Perfect Boar Pelt,2x Perfect Rabbit Pelt,
,,,
The Trophy Buck,,,
Raccoon Mountain Hat,1x Perfect Raccoon Pelt,1x Perfect Beaver Pelt,2x Hawk Feather
Legendary Buck Vest,1x Legendary Buck Pelt ,1x Perfect Ram Hide,
Legendary Fox Moccasins,1x Perfect Elk Pelt,1x Legendary Fox Pelt,
Legendary Buck & Fox Range Gloves,1x Legendary Buck Pelt,1x Legendary Fox Pelt,
,,,
The Dreamcatcher,,,
Legendary Beaver Flop Hat,1x Legendary Beaver Pelt,1x Legendary Boar Pelt,1x Cardinal Feather
Legendary Bison Vest,1x Legendary Tatanka Bison Pelt,,
Legendary Bison Batwing Chaps,1x Legendary Tatanka Bison Pelt,,
Legendary Boar & Bison Fowlers,1x Legendary Boar Pelt,1x Legendary Tatanka Bison Pelt,
Legendary Boar & Bison Fowlers,1x Legendary Beaver Pelt,,
,,,
The Beast of Prey,,,
Legendary Cougar Flop Hat,1x Legendary Cougar Pelt,2x Turkey Feather,
Legendary Cougar & Wolf Vest,1x Legendary Cougar Pelt,1x Legendary Wolf Pelt,
Legendary Wolf Batwing Chaps,1x Legendary Wolf Pelt,1x Perfect Goat Hide,
Bull Fowler Boots,1x Perfect Boar Pelt,1x Perfect Bull Hide,
Legendary Cougar Riding Gloves,1x Legendary Cougar Pelt,1x Perfect Boar Pelt,
,,,
The Huntsman,,,
Legendary Coyote Mountain Hat,1x Legendary Coyote Pelt,2x Eagle Feather,
Legendary Pronghorn Coat,1x Legendary Pronghorn Hide,1x Perfect Moose Pelt,
Legendary Coyote Half Chaps,1x Legendary Coyote Pelt,1x Perfect Fox Pelt,
Workman's Pride Boots,1x Perfect Cow Hide,1x Perfect Goat Hide,
Legendary Pronghorn Range Gloves,1x Legendary Pronghorn Hide,1x Perfect Muskrat Pelt,
,,,
The Death Roll,,,
Legendary Alligator Gambler's Hat,1x Legendary Alligator Skin,2x Perfect Snake Skin,
Legendary Panther Cloak,1x Legendary Panther Pelt,,
Legendary Alligator Vest,1x Legendary Alligator Skin,,
Legendary Alligator Fowlers,1x Legendary Alligator Skin,,
Legendary Panther Range Gloves,1x Legendary Panther Pelt,1x Perfect Gila Monster Skin,
,,,
The Stalker,,,
Legendary Ram Hat,1x Legendary Ram Hide ,,
Legendary Moose Hunting Jacket,1x Legendary Moose Pelt,1x Perfect Wolf Pelt,
Legendary Ram Batwing Chaps,1x Legendary Ram Hide ,,
Legendary Moose Moccasins,1x Legendary Moose Pelt,1x Perfect Cow Hide,
Legendary Ram Rifleman Gloves,1x Legendary Ram Hide ,1x Perfect Boar Pelt,
,,,
The Ghost Bison,,,
Legendary White Bison Hat,1x Legendary White Bison Pelt,,
Legendary White Bison Coat,1x Legendary White Bison Pelt,,
Legendary Elk Half Chaps,1x Legendary Elk Pelt,1x Perfect Sheep Hide,
Legendary Elk Moccasins,1x Legendary Elk Pelt,1x Perfect Goat Hide,
Legendary Elk Range Gloves,1x Legendary Elk Pelt,,
,,,
The Rattler,,,
Ram Sombrero,1x Perfect Ram Hide,,
Outdoorsman Vest,1x Perfect Pronghorn Hide,,
Javelina Half Chaps,1x Perfect Collared Peccary Pig Pelt,1x Perfect Snake Skin,
Iguana Range Gloves,1x Perfect Collared Peccary Pig Pelt,2x Perfect Iguana Skin,
,,,
The Wrangler,,,
Goat Flop Hat,1x Perfect Pronghorn Hide,1x Goat Hide,
Trapper's Coat,1x Perfect Sheep Hide,,
No-Man's Vest,1x Perfect Panther Pelt,1x Perfect Goat Hide,
Two Toned Moccasins,1x Perfect Buck Pelt,,
Moose Range Gloves,1x Perfect Moose Pelt,,
,,,
The Bronco Buster,,,
Elk Flop Hat,1x Perfect Elk Pelt,,
Coyote Scout Jacket,1x Perfect Ox Hide,1x Perfect Coyote Pelt,
Huntsman Vest,1x Perfect Sheep Hide,1x Perfect Deer Pelt,
Boar Fringed Shotgun Chaps,2x Perfect Boar Pelt,,
Pigskin Rifleman Gloves,1x Perfect Pig Hide,,
,,,
The Marauder,,,
Muskrat Cavalry Hat,4x Perfect Rabbit Pelt,1x Perfect Muskrat Pelt,
Principal Vest,1x Perfect Cow Hide,1x Perfect Deer Pelt,
Bull Fringed Shotgun Chaps,1x Perfect Bull Hide,,
Snake Skin Cavalry Gloves,1x Perfect Boar Pelt,1x Perfect Snake Skin,
,,,
The Bounty Hunter,,,
Plantation Slouch Hat,1x Perfect Bison Pelt,,
Beaver Hunting Jacket,1x Perfect Cow Hide,2x Perfect Beaver Hide,
Sheepskin Vest,2x Perfect Sheep Hide,,
Pronghorn Half Chaps,1x Perfect Pronghorn Hide,,
Buck Riding Gloves,1x Perfect Buck Pelt,,
,,,
The Desperado,,,
Beaver Drifter Hat,2x Perfect Beaver Pelt,,
Wolf Coat,1x Perfect Ram Hide,1x Perfect Wolf Pelt,
Billy Vest,2x Perfect Armadillo Skin,1x Perfect Goat Hide,
Boar & Bull Fowler Boots,1x Perfect Ox Hide,1x Perfect Boar Pelt,
Winter Cavalry Gloves,1x Perfect Rabbit Pelt,2x Perfect Muskrat Pelt,
,,,
The Night Wrangler,,,
Coyote Gambler's Hat,2x Perfect Coyote Pelt,,
Cougar Cutaway Coat,2x Perfect Cougar Pelt,1x Perfect Black Bear Pelt,
Wilderness Vest,1x Perfect Wolf Pelt,1x Perfect Panther Pelt,
Moose Half Chaps,1x Perfect Moose Pelt,,
Badger Rifleman Gloves,1x Perfect Badger Pelt,,
,,,
The Mountain Man,,,
Grenadier Hat,1x Perfect Muskrat Pelt,1x Perfect Beaver Pelt,
Ram Shotgun Coat,2x Perfect Ram Hide,,
Country Vest,1x Perfect Buck Pelt,1x Perfect Beaver Pelt,
Elk Riding Gloves,1x Perfect Elk Pelt,,